{
    "name": "root",
    "metadata": {
        "timer_format_version": "0.1.0",
        "start_time_seconds": "1686273245",
        "python_version": "3.7.9 (tags/v3.7.9:13c94747c7, Aug 17 2020, 18:58:18) [MSC v.1900 64 bit (AMD64)]",
        "command_line_arguments": "C:\\Users\\Sreaws\\Project-RT\\venv\\Scripts\\mlagents-learn config/massCollect.yaml --time-scale 1 --run-id=Test18",
        "mlagents_version": "0.29.0",
        "mlagents_envs_version": "0.29.0",
        "communication_protocol_version": "1.5.0",
        "pytorch_version": "1.7.1+cu110",
        "numpy_version": "1.21.2",
        "end_time_seconds": "1686273271"
    },
    "total": 25.6199249,
    "count": 1,
    "self": 0.0047654000000036945,
    "children": {
        "run_training.setup": {
            "total": 0.05403559999999996,
            "count": 1,
            "self": 0.05403559999999996
        },
        "TrainerController.start_learning": {
            "total": 25.5611239,
            "count": 1,
            "self": 0.01448630000001927,
            "children": {
                "TrainerController._reset_env": {
                    "total": 9.076587400000001,
                    "count": 1,
                    "self": 9.076587400000001
                },
                "TrainerController.advance": {
                    "total": 16.347669799999977,
                    "count": 624,
                    "self": 0.006329699999966465,
                    "children": {
                        "env_step": {
                            "total": 16.34134010000001,
                            "count": 624,
                            "self": 12.331942899999952,
                            "children": {
                                "SubprocessEnvManager._take_step": {
                                    "total": 4.001861900000087,
                                    "count": 624,
                                    "self": 0.027418800000109655,
                                    "children": {
                                        "TorchPolicy.evaluate": {
                                            "total": 3.974443099999977,
                                            "count": 624,
                                            "self": 0.6327114999999921,
                                            "children": {
                                                "TorchPolicy.sample_actions": {
                                                    "total": 3.341731599999985,
                                                    "count": 624,
                                                    "self": 3.341731599999985
                                                }
                                            }
                                        }
                                    }
                                },
                                "workers": {
                                    "total": 0.007535299999972267,
                                    "count": 623,
                                    "self": 0.0,
                                    "children": {
                                        "worker_root": {
                                            "total": 12.671728499999984,
                                            "count": 623,
                                            "is_parallel": true,
                                            "self": 5.605179999999944,
                                            "children": {
                                                "steps_from_proto": {
                                                    "total": 0.007710000000001216,
                                                    "count": 1,
                                                    "is_parallel": true,
                                                    "self": 0.00016450000000212128,
                                                    "children": {
                                                        "_process_maybe_compressed_observation": {
                                                            "total": 0.007545499999999095,
                                                            "count": 2,
                                                            "is_parallel": true,
                                                            "self": 3.509999999984359e-05,
                                                            "children": {
                                                                "_observation_to_np_array": {
                                                                    "total": 0.007510399999999251,
                                                                    "count": 1,
                                                                    "is_parallel": true,
                                                                    "self": 1.870000000003813e-05,
                                                                    "children": {
                                                                        "process_pixels": {
                                                                            "total": 0.007491699999999213,
                                                                            "count": 1,
                                                                            "is_parallel": true,
                                                                            "self": 0.0006186000000010239,
                                                                            "children": {
                                                                                "image_decompress": {
                                                                                    "total": 0.006873099999998189,
                                                                                    "count": 5,
                                                                                    "is_parallel": true,
                                                                                    "self": 0.006873099999998189
                                                                                }
                                                                            }
                                                                        }
                                                                    }
                                                                }
                                                            }
                                                        }
                                                    }
                                                },
                                                "UnityEnvironment.step": {
                                                    "total": 7.058838500000039,
                                                    "count": 623,
                                                    "is_parallel": true,
                                                    "self": 0.045584800000019854,
                                                    "children": {
                                                        "UnityEnvironment._generate_step_input": {
                                                            "total": 0.031834799999995056,
                                                            "count": 623,
                                                            "is_parallel": true,
                                                            "self": 0.031834799999995056
                                                        },
                                                        "communicator.exchange": {
                                                            "total": 6.332691499999992,
                                                            "count": 623,
                                                            "is_parallel": true,