{
    "name": "root",
    "metadata": {
        "timer_format_version": "0.1.0",
        "start_time_seconds": "1686267194",
        "python_version": "3.7.9 (tags/v3.7.9:13c94747c7, Aug 17 2020, 18:58:18) [MSC v.1900 64 bit (AMD64)]",
        "command_line_arguments": "C:\\Users\\Sreaws\\Project-RT\\venv\\Scripts\\mlagents-learn --run-id=Test2",
        "mlagents_version": "0.29.0",
        "mlagents_envs_version": "0.29.0",
        "communication_protocol_version": "1.5.0",
        "pytorch_version": "1.7.1+cu110",
        "numpy_version": "1.21.2",
        "end_time_seconds": "1686267364"
    },
    "total": 169.54495409999998,
    "count": 1,
    "self": 0.004333099999996648,
    "children": {
        "run_training.setup": {
            "total": 0.052531899999999965,
            "count": 1,
            "self": 0.052531899999999965
        },
        "TrainerController.start_learning": {
            "total": 169.4880891,
            "count": 1,
            "self": 0.09573630000002709,
            "children": {
                "TrainerController._reset_env": {
                    "total": 14.566057800000001,
                    "count": 1,
                    "self": 14.566057800000001
                },
                "TrainerController.advance": {
                    "total": 154.47783699999994,
                    "count": 6801,
                    "self": 0.09112139999993474,
                    "children": {
                        "env_step": {
                            "total": 152.84604709999982,
                            "count": 6801,
                            "self": 112.65040990000001,
                            "children": {
                                "SubprocessEnvManager._take_step": {
                                    "total": 40.12432169999985,
                                    "count": 6801,
                                    "self": 0.24577670000031304,
                                    "children": {
                                        "TorchPolicy.evaluate": {
                                            "total": 39.878544999999534,
                                            "count": 6801,
                                            "self": 9.755813699999386,
                                            "children": {
                                                "TorchPolicy.sample_actions": {
                                                    "total": 30.122731300000147,
                                                    "count": 6801,
                                                    "self": 30.122731300000147
                                                }
                                            }
                                        }
                                    }
                                },
                                "workers": {
                                    "total": 0.07131549999996167,
                                    "count": 6800,
                                    "self": 0.0,
                                    "children": {
                                        "worker_root": {
                                            "total": 94.1651527000007,
                                            "count": 6800,
                                            "is_parallel": true,
                                            "self": 48.41942200000039,
                                            "children": {
                                                "steps_from_proto": {
                                                    "total": 0.008835899999999342,
                                                    "count": 1,
                                                    "is_parallel": true,
                                                    "self": 0.00022429999999928896,
                                                    "children": {
                                                        "_process_maybe_compressed_observation": {
                                                            "total": 0.008611600000000053,
                                                            "count": 2,
                                                            "is_parallel": true,
                                                            "self": 3.7100000000123146e-05,
                                                            "children": {
                                                                "_observation_to_np_array": {
                                                                    "total": 0.00857449999999993,
                                                                    "count": 1,
                                                                    "is_parallel": true,
                                                                    "self": 2.00999999986351e-05,
                                                                    "children": {
                                                                        "process_pixels": {
                                                                            "total": 0.008554400000001294,
                                                                            "count": 1,
                                                                            "is_parallel": true,
                                                                            "self": 0.000875799999999316,
                                                                            "children": {
                                                                                "image_decompress": {
                                                                                    "total": 0.007678600000001978,
                                                                                    "count": 5,
                                                                                    "is_parallel": true,
                                                                                    "self": 0.007678600000001978
                                                                                }
                                                                            }
                                                                        }
                                                                    }
                                                                }
                                                            }
                                                        }
                                                    }
                                                },
                                                "UnityEnvironment.step": {
                                                    "total": 45.736894800000314,
                                                    "count": 6800,
                                                    "is_parallel": true,
                                                    "self": 0.3414214999999885,
                                                    "children": {
                                                        "UnityEnvironment._generate_step_input": {
                                                            "total": 0.35281410000020585,
                                                            "count": 6800,
                                                            "is_parallel": true,
                                                            "self": 0.35281410000020585
                                                        },
                                                        "communicator.exchange": {
                                                            "total": 37.07613170000002,
                                                            "count": 6800,
                                                            "is_parallel": true,