{
    "name": "root",
    "metadata": {
        "timer_format_version": "0.1.0",
        "start_time_seconds": "1686271392",
        "python_version": "3.7.9 (tags/v3.7.9:13c94747c7, Aug 17 2020, 18:58:18) [MSC v.1900 64 bit (AMD64)]",
        "command_line_arguments": "C:\\Users\\Sreaws\\Project-RT\\venv\\Scripts\\mlagents-learn config/massCollect.yaml --time-scale 1 --run-id=Test13",
        "mlagents_version": "0.29.0",
        "mlagents_envs_version": "0.29.0",
        "communication_protocol_version": "1.5.0",
        "pytorch_version": "1.7.1+cu110",
        "numpy_version": "1.21.2",
        "end_time_seconds": "1686271479"
    },
    "total": 86.3624224,
    "count": 1,
    "self": 0.004525899999990202,
    "children": {
        "run_training.setup": {
            "total": 0.05772529999999998,
            "count": 1,
            "self": 0.05772529999999998
        },
        "TrainerController.start_learning": {
            "total": 86.30017120000001,
            "count": 1,
            "self": 0.02604300000001558,
            "children": {
                "TrainerController._reset_env": {
                    "total": 7.340713300000001,
                    "count": 1,
                    "self": 7.340713300000001
                },
                "TrainerController.advance": {
                    "total": 78.78381669999999,
                    "count": 1225,
                    "self": 0.012128799999885587,
                    "children": {
                        "env_step": {
                            "total": 78.7716879000001,
                            "count": 1225,
                            "self": 73.36098060000016,
                            "children": {
                                "SubprocessEnvManager._take_step": {
                                    "total": 5.395026599999991,
                                    "count": 1225,
                                    "self": 0.05126500000003098,
                                    "children": {
                                        "TorchPolicy.evaluate": {
                                            "total": 5.34376159999996,
                                            "count": 1225,
                                            "self": 1.189717599999982,
                                            "children": {
                                                "TorchPolicy.sample_actions": {
                                                    "total": 4.154043999999978,
                                                    "count": 1225,
                                                    "self": 4.154043999999978
                                                }
                                            }
                                        }
                                    }
                                },
                                "workers": {
                                    "total": 0.015680699999952807,
                                    "count": 1224,
                                    "self": 0.0,
                                    "children": {
                                        "worker_root": {
                                            "total": 18.873740800000014,
                                            "count": 1224,
                                            "is_parallel": true,
                                            "self": 7.619822900000006,
                                            "children": {
                                                "steps_from_proto": {
                                                    "total": 0.00821990000000028,
                                                    "count": 1,
                                                    "is_parallel": true,
                                                    "self": 0.00018359999999972842,
                                                    "children": {
                                                        "_process_maybe_compressed_observation": {
                                                            "total": 0.008036300000000551,
                                                            "count": 2,
                                                            "is_parallel": true,
                                                            "self": 4.060000000016828e-05,
                                                            "children": {
                                                                "_observation_to_np_array": {
                                                                    "total": 0.007995700000000383,
                                                                    "count": 1,
                                                                    "is_parallel": true,
                                                                    "self": 2.5500000000455714e-05,
                                                                    "children": {
                                                                        "process_pixels": {
                                                                            "total": 0.007970199999999927,
                                                                            "count": 1,
                                                                            "is_parallel": true,
                                                                            "self": 0.0008613999999980138,
                                                                            "children": {
                                                                                "image_decompress": {
                                                                                    "total": 0.007108800000001914,
                                                                                    "count": 5,
                                                                                    "is_parallel": true,
                                                                                    "self": 0.007108800000001914
                                                                                }
                                                                            }
                                                                        }
                                                                    }
                                                                }
                                                            }
                                                        }
                                                    }
                                                },
                                                "UnityEnvironment.step": {
                                                    "total": 11.245698000000008,
                                                    "count": 1224,
                                                    "is_parallel": true,
                                                    "self": 0.08511720000008616,
                                                    "children": {
                                                        "UnityEnvironment._generate_step_input": {
                                                            "total": 0.0601951999999919,
                                                            "count": 1224,
                                                            "is_parallel": true,
                                                            "self": 0.0601951999999919
                                                        },
                                                        "communicator.exchange": {
                                                            "total": 9.544565899999949,
                                                            "count": 1224,
                                                            "is_parallel": true,