{
    "name": "root",
    "metadata": {
        "timer_format_version": "0.1.0",
        "start_time_seconds": "1686270550",
        "python_version": "3.7.9 (tags/v3.7.9:13c94747c7, Aug 17 2020, 18:58:18) [MSC v.1900 64 bit (AMD64)]",
        "command_line_arguments": "C:\\Users\\Sreaws\\Project-RT\\venv\\Scripts\\mlagents-learn config/massCollect.yaml --time-scale 1 --run-id=Test10",
        "mlagents_version": "0.29.0",
        "mlagents_envs_version": "0.29.0",
        "communication_protocol_version": "1.5.0",
        "pytorch_version": "1.7.1+cu110",
        "numpy_version": "1.21.2",
        "end_time_seconds": "1686270623"
    },
    "total": 72.7850121,
    "count": 1,
    "self": 0.004071300000006772,
    "children": {
        "run_training.setup": {
            "total": 0.055356699999999925,
            "count": 1,
            "self": 0.055356699999999925
        },
        "TrainerController.start_learning": {
            "total": 72.72558409999999,
            "count": 1,
            "self": 0.05098450000006949,
            "children": {
                "TrainerController._reset_env": {
                    "total": 9.2145276,
                    "count": 1,
                    "self": 9.2145276
                },
                "TrainerController.advance": {
                    "total": 63.32048629999993,
                    "count": 1996,
                    "self": 0.020431699999704733,
                    "children": {
                        "env_step": {
                            "total": 63.30005460000022,
                            "count": 1996,
                            "self": 54.40126290000013,
                            "children": {
                                "SubprocessEnvManager._take_step": {
                                    "total": 8.873276500000086,
                                    "count": 1996,
                                    "self": 0.08671450000006153,
                                    "children": {
                                        "TorchPolicy.evaluate": {
                                            "total": 8.786562000000025,
                                            "count": 1996,
                                            "self": 2.4019634999998765,
                                            "children": {
                                                "TorchPolicy.sample_actions": {
                                                    "total": 6.384598500000148,
                                                    "count": 1996,
                                                    "self": 6.384598500000148
                                                }
                                            }
                                        }
                                    }
                                },
                                "workers": {
                                    "total": 0.02551520000000984,
                                    "count": 1995,
                                    "self": 0.0,
                                    "children": {
                                        "worker_root": {
                                            "total": 34.77649740000007,
                                            "count": 1995,
                                            "is_parallel": true,
                                            "self": 11.99259070000005,
                                            "children": {
                                                "steps_from_proto": {
                                                    "total": 0.00826370000000054,
                                                    "count": 1,
                                                    "is_parallel": true,
                                                    "self": 0.00017460000000113496,
                                                    "children": {
                                                        "_process_maybe_compressed_observation": {
                                                            "total": 0.008089099999999405,
                                                            "count": 2,
                                                            "is_parallel": true,
                                                            "self": 3.8099999999374745e-05,
                                                            "children": {
                                                                "_observation_to_np_array": {
                                                                    "total": 0.00805100000000003,
                                                                    "count": 1,
                                                                    "is_parallel": true,
                                                                    "self": 2.9199999998397175e-05,
                                                                    "children": {
                                                                        "process_pixels": {
                                                                            "total": 0.008021800000001633,
                                                                            "count": 1,
                                                                            "is_parallel": true,
                                                                            "self": 0.0008943000000005696,
                                                                            "children": {
                                                                                "image_decompress": {
                                                                                    "total": 0.0071275000000010635,
                                                                                    "count": 5,
                                                                                    "is_parallel": true,
                                                                                    "self": 0.0071275000000010635
                                                                                }
                                                                            }
                                                                        }
                                                                    }
                                                                }
                                                            }
                                                        }
                                                    }
                                                },
                                                "UnityEnvironment.step": {
                                                    "total": 22.775643000000017,
                                                    "count": 1995,
                                                    "is_parallel": true,
                                                    "self": 0.14579509999991913,
                                                    "children": {
                                                        "UnityEnvironment._generate_step_input": {
                                                            "total": 0.09924890000007736,
                                                            "count": 1995,
                                                            "is_parallel": true,
                                                            "self": 0.09924890000007736
                                                        },
                                                        "communicator.exchange": {
                                                            "total": 19.98548099999997,
                                                            "count": 1995,
                                                            "is_parallel": true,