{
    "name": "root",
    "metadata": {
        "timer_format_version": "0.1.0",
        "start_time_seconds": "1686269515",
        "python_version": "3.7.9 (tags/v3.7.9:13c94747c7, Aug 17 2020, 18:58:18) [MSC v.1900 64 bit (AMD64)]",
        "command_line_arguments": "C:\\Users\\Sreaws\\Project-RT\\venv\\Scripts\\mlagents-learn config/massCollect.yaml --time-scale 1 --run-id=Test7",
        "mlagents_version": "0.29.0",
        "mlagents_envs_version": "0.29.0",
        "communication_protocol_version": "1.5.0",
        "pytorch_version": "1.7.1+cu110",
        "numpy_version": "1.21.2",
        "end_time_seconds": "1686269592"
    },
    "total": 77.482835,
    "count": 1,
    "self": 10.004302399999986,
    "children": {
        "run_training.setup": {
            "total": 0.05662100000000003,
            "count": 1,
            "self": 0.05662100000000003
        },
        "TrainerController.start_learning": {
            "total": 67.4219116,
            "count": 1,
            "self": 0.08073959999990166,
            "children": {
                "TrainerController._reset_env": {
                    "total": 6.305536699999999,
                    "count": 1,
                    "self": 6.305536699999999
                },
                "TrainerController.advance": {
                    "total": 60.8692430000001,
                    "count": 3089,
                    "self": 0.031325599999910025,
                    "children": {
                        "env_step": {
                            "total": 60.83791740000019,
                            "count": 3089,
                            "self": 47.115596699999784,
                            "children": {
                                "SubprocessEnvManager._take_step": {
                                    "total": 13.681580600000263,
                                    "count": 3090,
                                    "self": 0.13476129999994235,
                                    "children": {
                                        "TorchPolicy.evaluate": {
                                            "total": 13.54681930000032,
                                            "count": 3090,
                                            "self": 3.9602229000005593,
                                            "children": {
                                                "TorchPolicy.sample_actions": {
                                                    "total": 9.586596399999761,
                                                    "count": 3090,
                                                    "self": 9.586596399999761
                                                }
                                            }
                                        }
                                    }
                                },
                                "workers": {
                                    "total": 0.04074010000013928,
                                    "count": 3088,
                                    "self": 0.0,
                                    "children": {
                                        "worker_root": {
                                            "total": 54.7835807999998,
                                            "count": 3088,
                                            "is_parallel": true,
                                            "self": 18.006648099999815,
                                            "children": {
                                                "steps_from_proto": {
                                                    "total": 0.015182600000000157,
                                                    "count": 2,
                                                    "is_parallel": true,
                                                    "self": 0.0003651999999991773,
                                                    "children": {
                                                        "_process_maybe_compressed_observation": {
                                                            "total": 0.01481740000000098,
                                                            "count": 4,
                                                            "is_parallel": true,
                                                            "self": 8.150000000117785e-05,
                                                            "children": {
                                                                "_observation_to_np_array": {
                                                                    "total": 0.014735899999999802,
                                                                    "count": 2,
                                                                    "is_parallel": true,
                                                                    "self": 4.549999999969856e-05,
                                                                    "children": {
                                                                        "process_pixels": {
                                                                            "total": 0.014690400000000103,
                                                                            "count": 2,
                                                                            "is_parallel": true,
                                                                            "self": 0.001649300000001297,
                                                                            "children": {
                                                                                "image_decompress": {
                                                                                    "total": 0.013041099999998806,
                                                                                    "count": 10,
                                                                                    "is_parallel": true,
                                                                                    "self": 0.013041099999998806
                                                                                }
                                                                            }
                                                                        }
                                                                    }
                                                                }
                                                            }
                                                        }
                                                    }
                                                },
                                                "UnityEnvironment.step": {
                                                    "total": 36.76175009999998,
                                                    "count": 3088,
                                                    "is_parallel": true,
                                                    "self": 0.22875299999990517,
                                                    "children": {
                                                        "UnityEnvironment._generate_step_input": {
                                                            "total": 0.1645697000000128,
                                                            "count": 3088,
                                                            "is_parallel": true,
                                                            "self": 0.1645697000000128
                                                        },
                                                        "communicator.exchange": {
                                                            "total": 32.409386,
                                                            "count": 3088,
                                                            "is_parallel": true,